Product code;Pair type;Thumbnail;Detailed image
"A0007DQ1TL";"M";"";"exim/backup/images/X41185_01.jpg#{[en]:;}"
"Z0011CZSNI";"A";"";"exim/backup/images/X32444_02.jpg#{[en]:;}"
"Z0011CZSNI";"M";"";"exim/backup/images/X32444_01.jpg#{[en]:;}"
"U0012O5AF0";"M";"";"exim/backup/images/173283_0113298267324f438bac97eaf.jpg#{[en]:;}"
"H0015EXYM6";"A";"";"exim/backup/images/452499_010_B.jpg#{[en]:;}"
"H0015EXYM6";"M";"";"exim/backup/images/452499_010_A.jpg#{[en]:;}"
"BRO120182657";"A";"";"exim/backup/images/bro120182657_2_nsoq-25.jpg#{[en]:;}"
"BRO120182657";"A";"";"exim/backup/images/bro120182657_3.jpg#{[en]:;}"
"BRO120182657";"A";"";"exim/backup/images/bro120182657_4.jpg#{[en]:;}"
"BRO120182657";"M";"";"exim/backup/images/bro120182657_1.jpg#{[en]:;}"
"L0078RO9Y9";"A";"";"exim/backup/images/G48874_02.jpg#{[en]:;}"
"L0078RO9Y9";"A";"";"exim/backup/images/G48874_03.jpg#{[en]:;}"
"L0078RO9Y9";"A";"";"exim/backup/images/G48874_04.jpg#{[en]:;}"
"L0078RO9Y9";"A";"";"exim/backup/images/G48874_05.jpg#{[en]:;}"
"L0078RO9Y9";"M";"";"exim/backup/images/G48874_01.jpg#{[en]:;}"
"Z0079TIUPW";"A";"";"exim/backup/images/U42918_02.jpg#{[en]:;}"
"Z0079TIUPW";"A";"";"exim/backup/images/U42918_03.jpg#{[en]:;}"
"Z0079TIUPW";"A";"";"exim/backup/images/U42918_04.jpg#{[en]:;}"
"Z0079TIUPW";"A";"";"exim/backup/images/U42918_05.jpg#{[en]:;}"
"Z0079TIUPW";"M";"";"exim/backup/images/U42918_01.jpg#{[en]:;}"
"M0080Z1B49";"A";"";"exim/backup/images/476750_003_B.jpg#{[en]:;}"
"M0080Z1B49";"M";"";"exim/backup/images/476750_003_A.jpg#{[en]:;}"
"Y0081TT6SI";"A";"";"exim/backup/images/7210_4815_200_d2.jpg#{[en]:;}"
"Y0081TT6SI";"A";"";"exim/backup/images/7210_4815_200_d1.jpg#{[en]:;}"
"Y0081TT6SI";"M";"";"exim/backup/images/7210_4815_200_f.jpg#{[en]:;}"
"W00918CYVW";"A";"";"exim/backup/images/102337_890x364_01.ashx.jpg#{[en]:;}"
"W00918CYVW";"A";"";"exim/backup/images/102337_890x364_02.ashx.jpg#{[en]:;}"
"W00918CYVW";"A";"";"exim/backup/images/102337_890x364_03.ashx.jpg#{[en]:;}"
"W00918CYVW";"A";"";"exim/backup/images/102337_890x364_04.ashx.jpg#{[en]:;}"
"W00918CYVW";"M";"";"exim/backup/images/102337_l.ashx.jpg#{[en]:;}"
"I00927PN4T";"A";"";"exim/backup/images/101551_890x364_01.ashx.jpg#{[en]:;}"
"I00927PN4T";"A";"";"exim/backup/images/101551_890x364_02.ashx.jpg#{[en]:;}"
"I00927PN4T";"A";"";"exim/backup/images/101551_890x364_03.ashx.jpg#{[en]:;}"
"I00927PN4T";"M";"";"exim/backup/images/101551_l.ashx.jpg#{[en]:;}"
"E01027HIDS";"M";"";"exim/backup/images/t049_210_11_017_00.jpg#{[en]:;}"
"F01072HXUI";"M";"";"exim/backup/images/03804_l.ashx.jpg#{[en]:;}"
"C01099FRFC";"M";"";"exim/backup/images/101796_l.ashx.jpg#{[en]:;}"
